,SeriousDlqin2yrs,RevolvingUtilizationOfUnsecuredLines,age,NumberOfTime30-59DaysPastDueNotWorse,DebtRatio,MonthlyIncome,NumberOfOpenCreditLinesAndLoans,NumberOfTimes90DaysLate,NumberRealEstateLoansOrLines,NumberOfTime60-89DaysPastDueNotWorse,NumberOfDependents
0,0,0.276,68,1,0.1656,5662.4,14,0,3,0,3.0
1,0,0.582,64,0,0.2368,2847.31,11,0,2,0,2.0
2,0,0.0,53,1,0.5357,5935.45,1,0,4,0,3.0
3,0,0.0,73,0,0.3398,4726.74,0,0,2,0,4.0
4,0,0.0693,28,0,0.7944,1987.89,8,0,2,1,2.0
5,1,0.8653,75,3,0.4841,3360.25,18,1,4,0,4.0
6,0,0.3706,71,1,0.242,7262.56,0,0,2,0,0.0
7,0,0.4918,50,0,0.3008,7853.19,1,0,1,0,0.0
8,0,0.015,64,1,0.3513,5934.7,13,0,1,0,4.0
9,0,0.0201,51,0,0.3871,2119.31,9,0,4,0,2.0
10,0,0.412,36,0,0.7153,5481.21,4,0,3,0,2.0
11,0,0.3146,68,0,0.1309,6201.72,4,0,0,1,0.0
12,0,0.4372,35,0,0.4718,5951.42,13,0,2,0,1.0
13,0,0.2531,39,0,0.3416,6069.91,10,0,1,1,3.0
14,0,0.3695,51,0,0.0,5226.53,12,0,3,0,4.0
15,0,0.3395,70,1,0.4541,4355.18,5,0,0,0,4.0
16,0,0.4944,43,0,0.5535,,10,0,3,0,2.0
17,0,0.5018,50,0,0.1286,704.13,17,0,3,0,2.0
18,0,0.0,23,0,0.2982,5179.28,6,0,1,0,0.0
19,0,0.0,27,0,0.0,4872.11,7,0,0,0,0.0
20,0,0.5504,24,2,0.0482,5615.15,3,1,3,0,2.0
21,0,0.5969,25,0,0.5096,1824.91,12,0,1,0,
22,1,0.2448,72,2,0.3567,4990.03,0,3,4,2,0.0
23,0,0.0,70,0,0.0782,,4,0,3,0,2.0
24,0,0.3248,69,0,0.3459,4656.9,14,0,4,1,3.0
25,0,0.5327,24,0,0.1955,,0,0,2,0,4.0
26,0,0.7494,25,0,0.2058,5118.0,19,1,4,0,4.0
27,0,0.4291,37,0,0.4479,,8,0,0,0,1.0
28,0,0.2071,54,0,0.0677,2452.7,7,0,1,0,1.0
29,0,0.0767,40,0,0.1189,4906.41,10,0,0,0,4.0
30,0,0.3029,49,0,0.3308,2900.69,12,0,3,0,3.0
31,1,0.4252,31,1,0.6439,2605.99,9,1,2,0,1.0
32,0,0.0462,64,0,0.5476,4400.82,17,0,1,0,3.0
33,0,0.8122,39,1,0.167,7194.65,19,0,1,0,0.0
34,0,0.7463,24,2,0.4875,8101.98,4,0,3,0,2.0
35,0,0.584,64,0,0.1432,5396.28,14,0,0,0,1.0
36,0,0.0698,74,0,0.6652,3746.81,6,0,2,0,4.0
37,0,0.5138,21,1,0.0732,9485.48,19,0,3,0,0.0
38,0,0.4599,46,1,0.5657,3644.89,5,0,1,0,4.0
39,0,0.4106,69,0,0.1687,3357.73,5,0,1,0,1.0
40,0,0.6124,62,0,0.7026,950.11,14,1,1,0,0.0
41,0,0.4588,71,0,0.4183,7292.18,15,0,2,0,3.0
42,0,0.485,45,0,0.0968,6436.49,2,1,1,0,3.0
43,0,0.4592,42,0,0.1956,9335.61,11,0,1,0,0.0
44,0,0.3852,62,1,0.4562,,6,0,2,0,0.0
45,0,0.0,30,0,0.5105,7416.34,12,0,0,0,0.0
46,0,0.3209,35,0,0.2859,4640.27,11,0,2,0,2.0
47,0,0.161,56,0,0.3089,6112.2,19,0,0,0,0.0
48,0,0.0,60,1,0.4517,1204.45,18,0,0,0,3.0
49,0,0.7205,28,1,0.3264,,13,0,1,0,0.0
50,0,0.7322,50,0,0.0413,,13,0,1,0,3.0
51,0,0.6398,42,0,0.1374,,17,0,0,0,4.0
52,0,0.3638,50,0,0.347,5790.23,3,0,4,0,3.0
53,0,0.6377,77,1,0.5431,2969.01,14,0,1,0,4.0
54,0,0.303,25,0,0.6232,3341.12,15,0,4,0,4.0
55,0,0.3507,79,3,0.4559,3573.11,2,0,4,0,0.0
56,0,0.0266,47,0,0.3575,794.54,17,0,4,0,1.0
57,0,0.3992,66,1,0.4498,,13,0,4,1,3.0
58,0,0.3151,46,0,0.1666,6883.19,6,0,0,0,1.0
59,0,0.0,39,1,0.2694,3097.31,9,0,1,0,3.0
60,0,0.2872,66,0,0.1352,5196.41,9,0,3,0,3.0
61,0,0.2801,61,1,0.0503,3968.92,18,0,2,0,4.0
62,0,0.7494,29,0,0.3667,5156.55,19,0,0,0,1.0
63,0,0.5236,62,0,0.3371,3244.85,16,0,2,2,1.0
64,0,0.3029,65,0,0.4375,2733.15,13,1,4,0,0.0
65,0,0.3622,43,0,0.4092,6604.15,2,1,4,0,1.0
66,0,0.3111,75,1,0.3485,4372.26,18,0,1,0,1.0
67,0,0.2493,58,0,0.4113,8544.22,2,0,1,0,2.0
68,0,0.0294,40,0,0.2915,4592.62,3,0,1,1,2.0
69,0,0.2622,21,1,0.3826,2647.84,1,0,1,0,4.0
70,0,0.1135,60,0,0.1548,,18,0,1,0,3.0
71,0,0.0,33,0,0.3739,,9,0,1,0,3.0
72,0,0.4278,65,0,0.4337,5953.75,4,0,2,0,0.0
73,0,0.3978,51,0,0.1661,6881.2,1,0,0,1,2.0
74,0,0.0,48,0,0.3104,3194.41,8,0,1,0,3.0
75,0,0.2693,30,0,0.1753,4245.49,14,0,1,0,1.0
76,0,0.5489,62,0,0.1947,4157.1,19,0,0,1,2.0
77,0,0.5648,30,0,0.075,1918.51,11,0,4,0,3.0
78,0,0.5565,45,0,0.5532,3972.82,12,0,3,0,3.0
79,0,0.3097,70,0,0.5131,7172.76,16,0,4,0,4.0
80,0,0.0887,75,0,0.4075,4974.68,18,0,2,1,2.0
81,0,0.0291,79,0,0.6944,1807.88,5,0,0,1,
82,0,0.3862,77,0,0.2622,1388.32,19,0,4,0,1.0
83,0,0.3948,53,0,0.9064,7829.55,10,0,2,0,3.0
84,0,0.6218,32,0,0.2545,,18,0,3,0,2.0
85,0,0.575,70,1,0.351,3205.18,2,0,1,0,2.0
86,0,0.2669,68,2,0.2204,3952.02,1,0,2,0,0.0
87,0,0.0,79,0,0.3745,1545.38,17,0,2,0,2.0
88,0,0.2202,59,1,0.4671,,13,0,1,0,1.0
89,0,0.3543,29,0,0.2772,,3,0,2,1,2.0
90,0,0.2495,50,0,0.6553,7234.8,17,0,3,0,4.0
91,0,0.1555,47,0,0.3478,,2,1,0,0,3.0
92,0,0.3632,70,0,0.3541,7359.06,13,0,0,0,2.0
93,0,0.174,44,2,0.1182,5013.39,4,0,4,0,4.0
94,0,0.143,40,0,0.3837,6206.47,1,0,2,0,4.0
95,0,0.3779,25,0,0.2732,5938.19,16,1,4,0,2.0
96,0,0.1995,70,1,0.1784,,16,0,3,0,3.0
97,0,0.361,65,2,0.1447,5195.87,2,0,3,0,1.0
98,0,0.3683,23,0,0.8344,4034.3,1,0,4,0,4.0
99,1,0.2151,46,1,0.3973,7530.87,12,2,3,0,1.0
100,0,0.1797,49,0,0.0086,2686.13,0,0,1,0,1.0
101,0,0.6594,48,1,0.1604,4508.62,14,0,2,0,0.0
102,0,0.0095,75,0,0.2897,,18,0,1,0,4.0
103,1,0.0,29,1,0.5593,4504.88,15,1,1,2,1.0
104,0,0.0,39,1,0.411,3641.05,4,0,3,0,4.0
105,0,0.3073,31,0,0.4353,5129.49,3,0,0,0,0.0
106,0,0.3077,35,0,0.171,4162.31,13,0,3,0,2.0
107,0,0.2706,74,1,0.3681,1336.09,1,0,2,0,2.0
108,0,0.6035,76,1,0.1248,4519.1,10,0,1,0,2.0
109,0,0.0,23,2,0.1761,2298.87,8,0,0,0,0.0
110,0,0.399,58,1,0.1165,1031.23,14,0,3,0,0.0
111,0,0.6904,34,1,0.0623,4773.75,4,0,4,0,1.0
112,0,0.0181,32,0,0.5128,,15,0,3,0,2.0
113,0,0.205,38,2,0.4377,5553.4,13,0,2,1,3.0
114,0,0.1118,32,0,0.4953,5634.34,4,0,3,0,2.0
115,0,0.0764,49,0,0.3079,,7,0,2,0,1.0
116,0,0.2184,79,0,0.4554,1777.97,1,0,1,1,1.0
117,0,0.6569,55,0,0.0,,8,0,1,0,3.0
118,0,0.7593,63,0,0.4726,,5,0,1,0,2.0
119,0,0.216,50,0,0.3354,5721.68,2,0,4,0,4.0
120,0,0.7763,21,0,0.4254,3126.12,11,0,3,0,2.0
121,0,0.3089,25,1,0.376,,11,0,0,0,2.0
122,0,0.7384,36,1,0.1026,3233.49,1,0,4,0,0.0
123,0,0.2767,35,0,0.0004,,3,0,0,1,0.0
124,0,0.3328,70,0,0.1576,4773.55,1,0,2,0,4.0
125,0,0.3914,70,0,0.413,3603.42,13,0,0,0,1.0
126,0,1.0947,71,1,0.438,2399.66,6,1,1,0,2.0
127,0,0.5128,58,0,0.0264,5035.55,1,0,3,0,2.0
128,0,0.1232,53,2,0.1038,2074.56,3,1,4,0,0.0
129,0,0.5422,59,0,0.1554,,19,0,4,0,2.0
130,0,0.2095,45,0,0.2285,9752.97,5,0,4,0,1.0
131,0,0.1776,60,0,0.0276,7200.34,13,0,1,0,0.0
132,0,0.5272,67,0,0.0156,5936.7,9,0,0,0,2.0
133,0,0.3078,66,0,0.1356,4328.79,3,0,4,0,2.0
134,0,0.3696,57,1,0.3173,622.49,6,0,4,0,0.0
135,0,0.3035,24,0,0.0639,1855.43,0,0,1,0,2.0
136,1,0.5841,63,1,0.4268,6265.59,14,1,0,0,3.0
137,0,0.4062,42,0,0.5117,,6,0,3,0,1.0
138,0,0.0,64,2,0.0396,,9,0,0,0,4.0
139,0,0.4666,52,0,0.2587,4168.7,3,0,0,2,3.0
140,0,0.0545,72,0,0.505,2375.91,16,0,4,0,3.0
141,0,0.0,40,0,0.2163,,4,0,2,0,0.0
142,1,0.4854,75,3,0.3353,3599.05,11,2,0,4,3.0
143,0,0.321,70,0,0.5327,2716.94,17,0,3,0,1.0
144,0,0.1266,40,0,0.2388,,14,0,1,0,3.0
145,0,0.5078,49,0,0.5209,2937.62,12,0,2,0,4.0
146,0,0.0,52,0,0.3858,5544.72,17,0,4,1,1.0
147,0,0.1983,66,0,0.2314,4035.75,3,0,1,1,1.0
148,0,0.1538,61,0,0.3959,4142.86,19,1,3,0,0.0
149,0,0.2884,71,0,0.3641,5693.89,11,0,4,0,3.0
150,0,0.3697,42,0,0.5042,4215.92,8,0,2,0,3.0
151,0,0.048,50,1,0.1903,,5,0,4,0,2.0
152,0,0.4811,46,0,0.3082,5440.9,14,0,2,0,0.0
153,0,0.3158,74,0,0.2877,5836.4,19,0,2,0,1.0
154,0,0.0,38,0,0.4408,4205.85,13,0,4,0,2.0
155,0,0.0,55,0,0.095,4661.22,0,0,3,0,4.0
156,0,0.2969,28,0,0.5034,2936.42,9,0,4,0,0.0
157,0,0.2448,71,1,0.3933,2778.63,14,0,3,0,1.0
158,0,0.2741,43,0,0.0366,6038.3,7,0,3,0,3.0
159,0,0.293,41,0,0.5417,,15,0,1,0,1.0
160,0,0.3564,55,0,0.7468,5410.6,14,0,1,0,4.0
161,0,0.5369,50,0,0.5004,5061.71,1,0,4,0,4.0
162,0,0.0222,71,0,0.5854,,11,0,3,0,1.0
163,0,0.007,52,0,0.3171,,3,0,1,0,3.0
164,0,0.0267,51,0,0.0,6370.22,9,0,1,0,3.0
165,0,0.3722,27,1,0.0,6322.46,7,0,3,0,3.0
166,0,0.6112,22,1,0.351,4298.44,16,0,0,0,0.0
167,0,0.1922,44,0,0.1816,7273.99,17,0,0,0,0.0
168,0,0.0,79,1,0.1171,4956.92,9,0,3,0,1.0
169,1,0.074,75,4,0.4375,,10,1,1,1,0.0
170,0,0.0917,58,0,0.4231,5064.18,12,0,3,0,1.0
171,0,0.1606,58,0,0.0094,4994.01,13,0,2,0,3.0
172,0,0.1979,44,0,0.2102,3028.5,12,0,4,0,2.0
173,1,0.5096,31,2,0.752,5102.7,15,1,2,1,1.0
174,0,0.2221,21,1,0.0849,10190.59,19,0,4,0,0.0
175,0,0.5623,40,0,0.474,3750.41,16,0,4,0,1.0
176,0,0.131,39,0,0.2031,,2,0,1,1,2.0
177,1,0.2844,32,1,0.5592,2807.59,9,0,4,2,3.0
178,0,0.4197,36,0,0.5195,3523.96,9,0,3,0,1.0
179,0,0.0,22,0,0.4483,7588.9,10,0,0,0,1.0
180,0,0.3974,56,0,0.4818,3154.06,10,0,0,0,2.0
181,0,0.3256,75,1,0.0697,,14,0,1,0,0.0
182,0,0.2631,61,0,0.5227,1325.01,8,0,0,0,1.0
183,0,0.6971,47,0,0.1295,2984.78,5,0,1,1,0.0
184,0,0.1444,45,1,0.3519,1083.2,9,0,4,0,2.0
185,0,0.8151,39,0,0.3516,5763.61,17,0,2,0,2.0
186,0,0.2436,29,0,0.397,10099.39,6,0,0,0,2.0
187,0,0.0,56,0,0.3674,,0,0,2,0,3.0
188,0,0.3175,54,1,0.1312,,19,0,1,0,1.0
189,0,0.0309,21,0,0.03,6300.0,3,1,4,0,4.0
190,1,0.3121,45,1,0.6245,2246.15,12,0,0,1,4.0
191,0,0.3993,37,0,0.3372,7098.69,16,0,3,0,0.0
192,0,0.4389,31,0,0.5299,3935.94,5,1,2,0,4.0
193,0,0.1445,62,0,0.2911,3236.37,6,0,0,1,0.0
194,0,0.5469,52,0,0.019,,5,0,3,0,1.0
195,0,0.5894,58,0,0.4932,6015.55,2,1,2,0,2.0
196,0,0.6591,63,0,0.2259,4045.16,3,0,3,0,0.0
197,0,0.4324,78,0,0.3684,3506.55,3,0,3,0,1.0
198,0,0.6409,68,0,0.1705,4102.34,9,0,3,0,0.0
199,0,0.0,57,0,0.6289,1956.29,10,0,2,0,2.0
200,0,0.2205,72,1,0.1247,5294.06,0,0,0,0,4.0
201,1,0.2832,49,3,0.3825,126.55,16,2,0,2,4.0
202,0,0.3298,79,0,0.3215,3611.76,13,0,2,0,1.0
203,0,0.1571,65,0,0.0816,6018.77,1,0,1,1,2.0
204,0,0.2585,59,0,0.3661,5106.1,16,0,3,0,2.0
205,0,0.7705,74,0,0.6224,5680.64,0,0,2,1,2.0
206,0,0.2576,51,0,0.2019,4369.91,11,0,4,0,3.0
207,0,0.4034,63,1,0.379,6839.49,9,0,0,0,4.0
208,0,0.2419,37,0,0.0,6349.4,10,0,1,0,2.0
209,0,0.3189,77,0,0.2922,,19,0,3,0,0.0
210,0,0.3015,57,0,0.2374,,18,0,0,0,4.0
211,0,0.4121,67,0,0.1363,6000.85,5,1,1,0,4.0
212,0,0.5913,48,0,0.5163,3621.07,11,0,3,0,1.0
213,0,0.7118,72,0,0.2348,1812.2,19,0,2,0,2.0
214,0,0.3774,25,1,0.2645,5340.72,14,0,3,0,4.0
215,0,0.4474,27,0,0.2246,5592.18,17,1,2,0,2.0
216,0,0.0123,50,0,0.0,6680.94,8,0,4,0,2.0
217,0,0.278,64,2,0.0736,,5,0,4,0,
218,0,0.5351,68,2,0.4922,2687.14,10,0,4,0,4.0
219,0,0.5165,46,0,0.0,5419.8,16,0,0,0,2.0
220,0,0.3529,59,0,0.1467,4357.67,18,0,2,1,0.0
221,0,0.5216,53,0,0.2201,728.48,13,1,0,0,2.0
222,0,0.4227,77,0,0.6487,5250.22,14,0,1,0,3.0
223,1,0.8001,59,2,0.6037,,10,1,1,0,1.0
224,0,0.3723,45,0,0.1886,2609.49,6,0,3,0,2.0
225,0,0.2111,78,1,0.5609,7203.36,8,0,2,0,3.0
226,0,0.384,27,0,0.1519,8149.76,9,0,4,0,0.0
227,0,0.0,79,1,0.5018,2068.69,16,0,1,0,2.0
228,0,0.3957,30,3,0.0282,3841.22,11,0,3,0,3.0
229,0,0.0,38,0,0.5147,4585.25,15,0,3,0,1.0
230,0,0.0,69,0,0.2188,8062.45,0,0,4,0,2.0
231,0,0.4129,64,0,0.0943,,15,0,1,0,3.0
232,1,0.6194,78,3,0.4066,2746.23,10,0,3,0,0.0
233,0,0.0094,65,0,0.3555,7597.45,19,0,0,0,3.0
234,1,0.322,58,1,0.3511,2950.42,9,1,2,0,1.0
235,0,0.6426,41,1,0.4108,5944.4,9,0,2,0,1.0
236,0,0.179,21,1,0.1834,1545.71,2,0,4,0,3.0
237,0,0.8607,28,0,0.4241,4157.53,16,1,3,0,0.0
238,0,0.2995,38,0,0.3884,1180.81,14,0,4,0,0.0
239,0,0.402,23,1,0.2878,2389.13,17,0,4,0,2.0
240,0,0.7042,50,1,0.2117,,1,2,2,1,4.0
241,0,0.3328,66,0,0.3303,4400.19,4,0,3,1,0.0
242,0,0.0494,77,1,0.4101,3861.79,17,0,0,0,3.0
243,0,0.2726,49,0,0.7124,3002.5,0,0,2,0,0.0
244,0,0.2911,72,1,0.4879,4058.69,10,0,0,0,2.0
245,0,0.0,79,0,0.4952,5102.23,8,0,3,1,2.0
246,0,0.236,71,0,0.9177,6465.83,18,0,4,0,2.0
247,0,0.1145,48,0,0.4032,0.0,17,0,3,0,0.0
248,0,0.5311,40,1,0.3969,,17,0,4,0,3.0
249,0,0.3087,78,0,0.4408,4818.19,5,0,1,0,1.0
250,0,0.2293,35,1,0.0982,4302.27,11,0,4,0,3.0
251,0,0.2735,45,0,0.2112,,14,0,2,0,3.0
252,0,0.3558,25,0,0.1988,,19,0,3,0,2.0
253,0,0.4542,67,1,0.4295,3890.26,0,0,3,0,1.0
254,0,0.0501,59,0,0.2652,3446.29,19,0,3,0,3.0
255,0,0.0396,26,0,0.3276,4009.0,7,0,1,0,4.0
256,0,0.5762,34,1,0.5175,,2,0,3,0,4.0
257,0,0.1969,53,0,0.4726,3035.98,12,0,3,0,4.0
258,0,0.0,52,1,0.2677,4374.39,15,0,4,0,1.0
259,0,0.411,68,0,0.166,4866.68,2,0,2,0,2.0
260,0,0.4158,36,0,0.5271,7620.7,0,0,2,0,1.0
261,0,0.0,75,0,0.4548,3899.38,17,0,2,0,4.0
262,0,0.3574,47,0,0.0,6417.61,18,0,0,0,4.0
263,0,0.4839,69,1,0.2374,6963.96,3,0,0,0,4.0
264,0,0.3936,35,0,0.3331,4372.49,18,0,0,0,0.0
265,0,0.458,23,1,0.4558,4078.56,18,0,3,0,1.0
266,0,0.0,24,0,0.482,3841.89,19,0,2,0,3.0
267,0,0.3828,42,1,0.3568,3988.35,4,0,4,0,3.0
268,0,0.2243,77,0,0.417,,11,0,3,0,1.0
269,0,0.1793,23,1,0.3128,4962.02,19,0,0,0,0.0
270,0,0.5176,42,0,0.1652,4970.58,18,1,0,0,0.0
271,0,0.6698,27,0,0.2477,2249.55,12,0,1,0,3.0
272,0,0.7486,75,0,0.3038,2565.02,3,0,4,0,2.0
273,0,0.6287,60,0,0.2931,8786.89,1,0,0,1,2.0
274,0,0.2726,65,0,0.0,4144.35,5,0,0,0,4.0
275,0,0.3882,63,1,0.2205,2950.46,1,0,0,0,0.0
276,0,0.4917,59,1,0.3112,7362.2,3,0,2,0,3.0
277,0,0.3303,66,0,0.2437,5063.62,1,0,4,0,1.0
278,0,0.3327,21,0,0.2506,5656.31,15,0,3,0,4.0
279,0,0.5059,72,0,0.3976,4223.91,11,0,2,0,4.0
280,0,0.2852,64,1,0.0842,,10,0,0,0,2.0
281,0,0.1177,64,0,0.0,4160.83,16,0,1,0,1.0
282,0,0.1964,44,1,0.2304,1734.52,8,1,2,1,1.0
283,0,0.4585,68,0,0.4528,4324.15,8,0,1,0,0.0
284,0,0.3007,43,0,0.6375,5092.07,4,0,3,0,4.0
285,0,0.3851,23,0,0.4564,,8,0,4,0,0.0
286,0,0.4675,74,1,0.0063,,3,0,1,0,2.0
287,0,0.2063,34,2,0.2535,,11,0,1,0,2.0
288,0,0.4891,27,0,0.3513,4312.03,19,0,0,0,3.0
289,0,0.3947,57,0,0.3355,,10,0,3,0,4.0
290,0,0.0,34,1,0.4079,6232.73,5,0,2,0,2.0
291,0,0.6606,71,0,0.1166,2878.22,13,0,1,1,3.0
292,0,0.1748,47,1,0.313,,16,0,1,0,2.0
293,0,0.0,21,1,0.3841,3015.97,9,0,0,0,2.0
294,0,0.0387,77,0,0.4651,,5,0,2,0,0.0
295,0,0.0447,51,0,0.1389,3803.26,14,0,3,0,1.0
296,1,0.513,36,5,0.381,3883.05,3,0,1,0,2.0
297,0,0.2315,60,0,0.0,,19,0,0,0,0.0
298,0,0.2158,52,0,0.1757,2201.68,6,0,2,0,1.0
299,0,0.4549,22,0,0.1951,,7,0,3,1,2.0
300,0,0.385,65,0,0.0961,3683.65,14,1,1,0,2.0
301,0,0.379,44,0,0.3331,,0,0,1,0,4.0
302,0,0.4025,62,0,0.2888,2070.66,4,0,0,0,4.0
303,0,0.454,73,1,0.0,,2,1,3,0,3.0
304,0,0.0,57,0,0.3431,2132.48,7,0,4,1,0.0
305,0,0.2089,60,0,0.1143,7785.47,11,1,3,0,2.0
306,0,0.0,36,0,0.3971,1068.48,3,1,2,0,3.0
307,0,0.309,35,0,0.0436,,6,0,3,0,2.0
308,0,0.2988,45,0,0.306,5334.74,15,0,1,0,2.0
309,0,0.5614,71,2,0.2434,7828.47,18,0,0,0,2.0
310,0,0.5969,51,2,0.3606,5130.09,0,1,1,0,2.0
311,0,0.3507,41,0,0.3249,5625.72,12,1,3,0,2.0
312,0,0.1749,66,0,0.249,4535.07,0,0,3,0,
313,0,0.4213,71,1,0.0,2447.2,10,1,4,0,2.0
314,0,0.168,74,0,0.0046,3519.72,17,1,4,0,1.0
315,0,0.2997,38,1,0.1832,2076.18,15,0,1,0,3.0
316,0,0.5465,62,1,0.2983,1942.58,4,0,0,0,4.0
317,0,0.1606,55,2,0.1784,5303.5,5,0,1,0,2.0
318,0,0.5014,47,1,0.425,2253.64,15,0,4,0,1.0
319,1,0.6694,44,3,0.3942,,16,1,4,0,4.0
320,0,0.0613,27,0,0.107,1896.35,5,0,0,0,3.0
321,0,0.5435,37,0,0.2444,,0,0,0,0,2.0
322,0,0.4746,53,0,0.3452,3522.63,8,0,2,0,
323,0,0.3255,73,0,0.365,,12,0,3,0,
324,0,0.1094,72,0,0.6757,5147.44,8,1,4,0,
325,0,0.0852,32,0,0.1662,6971.57,18,0,3,0,1.0
326,0,0.1656,61,1,0.2853,2988.71,16,0,1,0,3.0
327,0,0.4356,26,0,0.3852,4612.29,15,0,0,0,2.0
328,0,0.0611,60,1,0.2953,2537.83,0,0,3,0,4.0
329,0,0.4094,41,1,0.1999,3672.79,17,0,2,0,2.0
330,0,0.0,47,1,0.0,,15,0,4,0,4.0
331,0,0.249,63,1,0.1978,3048.28,7,0,2,0,2.0
332,0,0.3274,46,0,0.0853,2068.99,11,0,2,0,1.0
333,0,0.9113,68,1,0.0,1672.97,16,0,1,0,3.0
334,0,0.0,52,0,0.1409,0.0,18,0,0,0,2.0
335,0,0.668,79,0,0.0906,2387.31,11,0,4,0,1.0
336,0,0.3375,58,1,0.4168,5754.99,0,0,4,1,2.0
337,0,0.4028,38,0,0.4202,1303.0,12,0,0,0,3.0
338,0,0.3296,66,1,0.1192,1763.75,13,0,3,0,1.0
339,1,0.6112,45,2,0.398,,1,0,1,2,3.0
340,0,0.2616,52,0,0.0,,16,0,2,0,4.0
341,1,0.8635,29,3,0.3511,4342.09,4,0,4,0,
342,0,0.1859,28,0,0.3798,5784.63,17,0,4,0,1.0
343,0,0.5831,54,3,0.465,5825.05,11,1,0,0,2.0
344,0,0.1389,32,0,0.1574,,6,0,1,0,4.0
345,0,0.2849,79,0,0.5104,4037.88,1,0,4,0,0.0
346,1,0.232,71,0,0.1469,,0,0,4,0,4.0
347,0,0.4138,62,0,0.0505,9392.64,14,0,0,0,2.0
348,0,0.6613,64,0,0.4419,1310.25,7,0,4,0,4.0
349,0,0.2807,56,1,0.6342,2404.32,16,0,2,0,3.0
350,0,0.2508,24,0,0.3987,2418.8,4,1,2,0,
351,0,0.0213,44,1,0.2919,1506.68,18,0,0,0,4.0
352,0,0.2427,50,1,0.0,7205.19,18,0,3,0,0.0
353,0,0.0,75,1,0.0,9344.9,2,0,3,0,2.0
354,0,0.0718,33,0,0.3259,3548.5,12,1,3,0,0.0
355,0,0.3567,50,0,0.2284,1859.15,18,0,3,0,1.0
356,0,0.6298,41,0,0.0788,26.15,6,0,4,0,0.0
357,0,1.0023,28,0,0.3131,,1,0,4,0,3.0
358,0,0.1534,27,0,0.323,3867.27,17,0,3,0,3.0
359,0,0.6588,42,0,0.4889,3197.41,9,1,4,0,3.0
360,0,0.3609,25,1,0.3273,4942.75,0,1,3,0,0.0
361,0,0.2622,24,0,0.5457,,16,0,3,1,1.0
362,0,0.4081,41,0,0.3016,5146.17,13,0,2,0,3.0
363,0,0.3155,32,1,0.2769,,1,0,3,0,4.0
364,0,0.3276,53,0,0.5129,2296.76,5,0,0,0,4.0
365,0,0.1979,22,1,0.1043,5831.67,0,0,2,0,0.0
366,0,0.0,38,1,0.8629,4525.03,19,0,2,0,2.0
367,0,0.0,47,0,0.3751,,0,0,4,0,0.0
368,0,0.4633,77,0,0.3762,,15,0,0,0,4.0
369,0,0.2308,58,1,0.405,1656.48,10,0,3,1,0.0
370,0,0.151,72,0,0.6754,1631.56,11,0,0,0,4.0
371,0,0.3021,41,0,0.4585,2988.92,16,1,4,0,0.0
372,0,0.4987,47,0,0.0,2387.47,17,0,4,0,0.0
373,0,0.3451,45,0,0.5807,6010.5,2,0,1,0,4.0
374,0,0.136,73,0,0.2318,5202.62,0,0,4,0,
375,0,0.6066,77,0,0.3214,6698.37,2,0,2,0,2.0
376,1,0.8948,77,0,0.1941,4492.97,13,2,4,2,3.0
377,0,0.4236,65,0,0.4052,4917.3,11,0,3,0,1.0
378,0,0.5434,50,0,0.1697,,1,0,0,0,3.0
379,0,0.6105,52,0,0.32,5439.45,4,0,1,0,2.0
380,0,0.5825,78,0,0.2432,4636.2,10,0,2,1,1.0
381,1,0.6535,37,2,0.835,6660.91,14,0,1,1,1.0
382,0,0.4496,41,0,0.6965,,6,0,0,0,0.0
383,0,0.4299,73,0,0.3093,3891.32,18,0,4,0,
384,0,0.0257,43,1,0.3128,2824.35,19,0,4,0,2.0
385,1,0.6752,34,3,0.3753,5106.05,15,2,2,0,0.0
386,0,0.0,54,0,0.5212,6974.1,9,0,1,0,0.0
387,1,0.3014,40,3,0.3842,,17,1,0,0,3.0
388,0,0.6259,73,0,0.2157,,14,0,4,1,2.0
389,0,0.5101,74,0,0.4957,559.97,10,0,1,0,0.0
390,0,0.6718,39,0,0.1923,4389.09,8,1,0,0,3.0
391,0,0.2321,52,0,0.2924,4419.81,16,0,1,0,3.0
392,0,0.0119,79,0,0.0,,11,0,2,0,0.0
393,0,0.2399,64,1,0.4408,9267.72,3,0,3,0,1.0
394,0,0.3255,33,0,0.6882,,19,0,1,0,1.0
395,0,0.3197,55,1,0.4442,3684.54,1,0,4,0,3.0
396,0,0.5834,57,0,0.5924,,13,0,3,0,0.0
397,0,0.2097,59,0,0.1308,494.37,13,0,4,0,4.0
398,0,0.388,22,0,0.3473,2980.26,11,0,1,0,1.0
399,0,0.0528,38,0,0.1114,,1,0,3,0,0.0
400,0,0.4126,71,0,0.2544,3242.11,9,0,1,0,4.0
401,0,0.3008,35,1,0.4544,2842.25,17,0,3,0,0.0
402,0,0.1125,38,0,0.3204,7119.05,4,0,3,0,0.0
403,0,0.241,40,0,0.0175,7180.51,13,0,1,1,4.0
404,1,0.454,31,0,0.187,4733.98,17,1,4,1,2.0
405,0,0.2325,30,1,0.0238,3589.77,19,0,4,0,2.0
406,0,0.7428,41,0,0.3983,4021.06,10,1,4,1,3.0
407,0,0.2754,72,0,0.7128,,6,0,1,0,3.0
408,0,0.239,21,0,0.5725,2510.45,13,0,3,0,3.0
409,1,0.0,37,2,0.0708,1611.17,9,1,0,1,0.0
410,0,0.0764,24,1,0.5842,,12,0,0,0,2.0
411,0,0.2342,54,1,0.4873,2430.56,14,0,4,0,1.0
412,0,0.1285,35,1,0.0,1372.59,14,0,0,0,4.0
413,0,0.6454,67,0,0.2394,4938.81,4,0,4,0,2.0
414,0,0.2588,55,0,0.5191,4969.19,15,0,2,0,0.0
415,0,0.6221,67,0,0.4101,7901.59,10,0,1,0,4.0
416,0,0.3154,58,0,0.0382,3163.32,18,0,0,0,1.0
417,0,0.3093,46,2,0.4221,5092.2,13,0,3,0,1.0
418,0,0.2778,71,0,0.0,5125.43,17,0,3,0,4.0
419,0,0.3009,49,2,0.2554,3992.32,19,0,2,0,
420,0,0.7297,77,0,0.5276,5988.67,19,0,4,0,4.0
421,0,0.0,79,1,0.3037,6050.46,14,0,1,0,3.0
422,0,0.0,55,0,0.2002,5154.82,11,1,2,0,4.0
423,0,0.1642,60,3,0.4779,3988.72,2,0,1,0,0.0
424,0,0.3036,36,0,0.495,3784.94,7,0,2,0,2.0
425,0,0.4725,69,0,0.562,1764.49,9,0,0,0,1.0
426,0,0.4183,60,0,0.4749,2888.16,15,0,2,0,1.0
427,0,0.2039,74,0,0.5163,3255.98,11,0,2,0,1.0
428,0,0.5548,36,0,0.4466,,8,1,2,0,1.0
429,0,0.5575,67,0,0.3531,,2,0,2,0,2.0
430,0,0.346,48,0,0.3179,,14,0,3,0,4.0
431,0,0.5407,31,1,0.2525,2683.88,8,1,2,0,3.0
432,0,0.3682,31,0,0.0575,5066.88,0,0,1,0,1.0
433,0,0.1596,54,0,0.1089,2431.78,5,1,1,0,2.0
434,0,0.4745,39,0,0.2436,3890.16,17,0,3,0,2.0
435,0,0.3277,27,1,0.3483,,2,0,4,0,1.0
436,0,0.3003,46,0,0.5882,5703.79,8,0,3,0,2.0
437,0,0.6682,59,1,0.2916,,10,0,3,0,3.0
438,0,0.0,39,0,0.5007,,1,0,4,0,1.0
439,0,0.0,77,0,0.5159,4008.56,3,0,4,0,2.0
440,0,0.0032,66,0,0.2537,3200.79,18,0,2,0,3.0
441,0,0.2092,51,0,0.4189,1993.39,11,0,0,0,2.0
442,0,0.2363,76,0,0.2513,5006.41,4,0,3,0,1.0
443,0,0.0,46,0,0.5644,6290.44,3,0,3,1,2.0
444,0,0.0537,29,0,0.4272,5046.64,8,0,1,0,3.0
445,0,0.0848,23,0,0.0619,8977.66,14,0,4,0,1.0
446,1,1.1144,76,0,0.4823,6559.57,14,0,4,0,2.0
447,0,0.7504,77,1,0.6296,3884.94,3,0,1,0,3.0
448,0,0.1971,64,0,0.2638,3863.95,14,0,2,0,1.0
449,0,0.2091,27,0,0.3895,5439.39,17,0,0,0,1.0
450,0,0.0127,38,0,0.4092,,4,0,0,0,4.0
451,0,0.0,23,0,0.0927,6832.58,0,0,1,0,1.0
452,0,0.2708,24,1,0.4021,5223.2,19,0,1,0,2.0
453,0,0.0505,35,0,0.0212,5012.92,10,0,1,1,0.0
454,0,0.2788,54,0,0.1749,5873.91,15,0,0,0,4.0
455,0,0.0,24,1,0.5151,7945.66,6,1,2,1,2.0
456,1,0.3095,79,0,0.5214,4041.91,5,3,3,1,3.0
457,0,0.3372,47,0,0.2391,4273.92,4,0,1,0,3.0
458,0,0.3916,36,0,0.3893,7517.44,4,0,2,0,1.0
459,0,0.4044,51,0,0.288,6435.1,9,0,1,0,1.0
460,0,0.0,67,0,0.3025,3858.04,2,0,3,0,
461,0,0.5137,39,1,0.4314,,16,0,3,0,4.0
462,1,0.2999,23,1,0.3045,,10,3,4,2,0.0
463,0,0.4582,24,0,0.3081,5223.63,18,0,0,0,4.0
464,0,0.2973,71,0,0.2375,1786.8,10,0,4,1,4.0
465,0,0.0,27,0,0.0,1415.03,6,0,1,0,0.0
466,0,0.221,58,0,0.1159,,10,1,0,0,0.0
467,1,0.5913,43,1,0.7636,1770.52,3,4,3,1,3.0
468,0,0.4532,66,0,0.3769,3212.35,16,0,0,0,4.0
469,0,0.2648,24,0,0.0353,5769.42,14,0,0,0,1.0
470,0,0.6829,73,0,0.0,4162.14,2,0,4,0,3.0
471,0,0.5519,62,1,0.2776,4892.79,11,0,1,0,4.0
472,0,0.2358,47,0,0.6122,2051.39,10,1,2,0,1.0
473,0,0.4875,33,0,0.2626,,4,1,1,0,1.0
474,0,0.7834,78,0,0.5614,5674.52,2,0,0,0,4.0
475,0,0.7901,38,0,0.3704,5689.9,15,0,0,0,1.0
476,0,0.0,49,0,0.3943,3050.85,5,0,0,0,2.0
477,0,0.0684,44,0,0.0329,4823.32,10,0,2,0,2.0
478,0,0.6712,34,0,0.4875,8897.7,4,0,2,0,2.0
479,0,0.0354,45,0,0.233,4464.8,13,1,0,0,1.0
480,0,0.0,29,0,0.4726,3113.63,0,0,1,1,3.0
481,0,0.1785,21,0,0.1372,4152.48,7,0,1,1,3.0
482,0,0.4051,38,2,0.3354,4684.35,10,0,2,0,1.0
483,0,0.2744,27,1,0.3704,4197.66,8,0,4,0,2.0
484,0,0.1374,45,2,0.2692,4437.29,12,0,3,0,0.0
485,0,0.1314,71,1,0.3809,1613.11,3,0,4,0,1.0
486,0,0.1219,30,2,0.2467,2574.74,8,0,0,0,4.0
487,0,0.0801,21,0,0.1702,,15,0,1,0,2.0
488,0,0.8704,27,1,0.6211,,6,0,3,1,3.0
489,0,0.3744,50,0,0.5098,3367.62,3,0,1,0,4.0
490,0,0.5217,37,0,0.1478,4145.97,16,0,4,0,3.0
491,0,0.1777,49,0,0.4137,,15,0,2,0,3.0
492,0,0.2535,22,0,0.1515,6278.83,13,0,1,0,3.0
493,0,0.1216,40,0,0.0631,,15,0,4,0,2.0
494,0,0.0,45,0,0.5068,5298.21,15,0,2,0,3.0
495,0,0.0,46,0,0.0,3416.8,14,0,4,0,1.0
496,0,0.0,53,1,0.4854,5644.19,10,0,2,0,4.0
497,0,0.0,67,0,0.2495,5251.46,0,0,0,0,0.0
498,0,0.0012,48,0,0.2577,6231.63,11,1,3,0,4.0
499,0,0.6312,70,1,0.382,5926.92,5,0,0,1,4.0
